Handle,Title,Body (HTML),Vendor,Type,Tags,Published,Option1 Name,Option1 Value,Option2 Name,Option2 Value,Option3 Name,Option3 Value,Variant SKU,Variant Grams,Variant Inventory Tracker,Variant Inventory Qty,Variant Inventory Policy,Variant Fulfillment Service,Variant Price,Variant Compare At Price,Variant Requires Shipping,Variant Taxable,Variant Barcode,Product Category,Image Src,Image Position,Image Alt Text,Gift Card,SEO Title,SEO Description,Google Shopping / Google Product Category,Google Shopping / Gender,Google Shopping / Age Group,Google Shopping / MPN,Google Shopping / AdWords Grouping,Google Shopping / AdWords Labels,Google Shopping / Condition,Google Shopping / Custom Product,Google Shopping / Custom Label 0,Google Shopping / Custom Label 1,Google Shopping / Custom Label 2,Google Shopping / Custom Label 3,Google Shopping / Custom Label 4,Variant Image,Variant Weight Unit,Variant Tax Code,Cost per item,Price / International,Compare At Price / International,Status
co3-mvi-sb1-75-4,CO3 MVI-SB1-75-4,"<p><strong>Model: </strong> CO3 MVI-SB1-75-4<br><strong>Voltage: </strong> 3~ 208-230V<br><strong>Power: </strong> 7.5 HP<br><strong>Weight: </strong> 1227 lbs</p><p><em>NOTE: We will contact you during order fulfilment to discuss shipping and handling costs for products weighing more than 150 pounds. These costs will be billed separately.</em></p><p><a href=""https://wilo.com/en/overview.html"" target=""_blank"">View Manufacturer Website</a></p>",Wilo,Booster Pump Systems,"Wilo, CO3-MVI-3~ 208-230V",FALSE,Voltage,3~ 208-230V,,,,,3354893,556557.384,,,continue,manual,32374.8,78200,FALSE,TRUE,,,https://cdn.shopify.com/s/files/1/0589/7106/2440/files/CO3_MVI.png?v=1753088373,1,CO3 MVI-SB1-75-4,,CO3-MVI CO3 MVI-SB1-75-4 - Wilo CO3-MVI Series 3~ 208-230V,"CO3-MVI CO3 MVI-SB1-75-4 <p><strong>Model: </strong> CO3 MVI-SB1-75-4<br><strong>Voltage: </strong> 3~ 208-230V<br><strong>Power: </strong> 7.5 HP<br><strong>Weight: </strong> 1227 lbs</p><p><em>NOTE: We will contact you during order fulfilment to discuss shipping and handling costs for products weighing more than 150 pounds. These costs will be billed separately.</em></p><p><a href=""https://wilo.com/en/overview.html"" target=""_blank"">View Manufacturer Website</a></p> 32374.8 USD
Buy CO3 MVI-SB1-75-4 online. Durable, efficient booster pump system from Wilo.",,,,,,,,,,,,,,https://cdn.shopify.com/s/files/1/0589/7106/2440/files/CO3_MVI.png?v=1753088373,lb,,28152,,,draft
co3-mvi-sb1-75-4,CO3 MVI-SB1-75-4,"<p><strong>Model: </strong> CO3 MVI-SB1-75-4<br><strong>Voltage: </strong> 3~ 460V<br><strong>Power: </strong> 7.5 HP<br><strong>Weight: </strong> 1227 lbs</p><p><em>NOTE: We will contact you during order fulfilment to discuss shipping and handling costs for products weighing more than 150 pounds. These costs will be billed separately.</em></p><p><a href=""https://wilo.com/en/overview.html"" target=""_blank"">View Manufacturer Website</a></p>",Wilo,Booster Pump Systems,"Wilo, CO3-MVI-3~ 460V",FALSE,Voltage,3~ 460V,,,,,3355183,556557.384,,,continue,manual,30269.61,73115,FALSE,TRUE,,,,,,,CO3-MVI CO3 MVI-SB1-75-4 - Wilo CO3-MVI Series 3~ 460V,"CO3-MVI CO3 MVI-SB1-75-4 <p><strong>Model: </strong> CO3 MVI-SB1-75-4<br><strong>Voltage: </strong> 3~ 460V<br><strong>Power: </strong> 7.5 HP<br><strong>Weight: </strong> 1227 lbs</p><p><em>NOTE: We will contact you during order fulfilment to discuss shipping and handling costs for products weighing more than 150 pounds. These costs will be billed separately.</em></p><p><a href=""https://wilo.com/en/overview.html"" target=""_blank"">View Manufacturer Website</a></p> 30269.61 USD
Buy CO3 MVI-SB1-75-4 online. Durable, efficient booster pump system from Wilo.",,,,,,,,,,,,,,,lb,,26321.4,,,draft
co3-mvi-sb1-75-4,CO3 MVI-SB1-75-4,"<p><strong>Model: </strong> CO3 MVI-SB1-75-4<br><strong>Voltage: </strong> 3~ 575V<br><strong>Power: </strong> 7.5 HP<br><strong>Weight: </strong> 1227 lbs</p><p><em>NOTE: We will contact you during order fulfilment to discuss shipping and handling costs for products weighing more than 150 pounds. These costs will be billed separately.</em></p><p><a href=""https://wilo.com/en/overview.html"" target=""_blank"">View Manufacturer Website</a></p>",Wilo,Booster Pump Systems,"Wilo, CO3-MVI-3~ 575V",FALSE,Voltage,3~ 575V,,,,,3355473,556557.384,,,continue,manual,31575.78,76270,FALSE,TRUE,,,,,,,CO3-MVI CO3 MVI-SB1-75-4 - Wilo CO3-MVI Series 3~ 575V,"CO3-MVI CO3 MVI-SB1-75-4 <p><strong>Model: </strong> CO3 MVI-SB1-75-4<br><strong>Voltage: </strong> 3~ 575V<br><strong>Power: </strong> 7.5 HP<br><strong>Weight: </strong> 1227 lbs</p><p><em>NOTE: We will contact you during order fulfilment to discuss shipping and handling costs for products weighing more than 150 pounds. These costs will be billed separately.</em></p><p><a href=""https://wilo.com/en/overview.html"" target=""_blank"">View Manufacturer Website</a></p> 31575.78 USD
Buy CO3 MVI-SB1-75-4 online. Durable, efficient booster pump system from Wilo.",,,,,,,,,,,,,,,lb,,27457.2,,,draft
co3-mvi-sb1-75-5,CO3 MVI-SB1-75-5,"<p><strong>Model: </strong> CO3 MVI-SB1-75-5<br><strong>Voltage: </strong> 3~ 208-230V<br><strong>Power: </strong> 10 HP<br><strong>Weight: </strong> 1323 lbs</p><p><em>NOTE: We will contact you during order fulfilment to discuss shipping and handling costs for products weighing more than 150 pounds. These costs will be billed separately.</em></p><p><a href=""https://wilo.com/en/overview.html"" target=""_blank"">View Manufacturer Website</a></p>",Wilo,Booster Pump Systems,"Wilo, CO3-MVI-3~ 208-230V",FALSE,Voltage,3~ 208-230V,,,,,3354894,600102.216,,,continue,manual,34573.14,83510,FALSE,TRUE,,,https://cdn.shopify.com/s/files/1/0589/7106/2440/files/CO3_MVI.png?v=1753088373,1,CO3 MVI-SB1-75-5,,CO3-MVI CO3 MVI-SB1-75-5 - Wilo CO3-MVI Series 3~ 208-230V,"CO3-MVI CO3 MVI-SB1-75-5 <p><strong>Model: </strong> CO3 MVI-SB1-75-5<br><strong>Voltage: </strong> 3~ 208-230V<br><strong>Power: </strong> 10 HP<br><strong>Weight: </strong> 1323 lbs</p><p><em>NOTE: We will contact you during order fulfilment to discuss shipping and handling costs for products weighing more than 150 pounds. These costs will be billed separately.</em></p><p><a href=""https://wilo.com/en/overview.html"" target=""_blank"">View Manufacturer Website</a></p> 34573.14 USD
Buy CO3 MVI-SB1-75-5 online. Durable, efficient booster pump system from Wilo.",,,,,,,,,,,,,,https://cdn.shopify.com/s/files/1/0589/7106/2440/files/CO3_MVI.png?v=1753088373,lb,,30063.6,,,draft
co3-mvi-sb1-75-5,CO3 MVI-SB1-75-5,"<p><strong>Model: </strong> CO3 MVI-SB1-75-5<br><strong>Voltage: </strong> 3~ 460V<br><strong>Power: </strong> 10 HP<br><strong>Weight: </strong> 1323 lbs</p><p><em>NOTE: We will contact you during order fulfilment to discuss shipping and handling costs for products weighing more than 150 pounds. These costs will be billed separately.</em></p><p><a href=""https://wilo.com/en/overview.html"" target=""_blank"">View Manufacturer Website</a></p>",Wilo,Booster Pump Systems,"Wilo, CO3-MVI-3~ 460V",FALSE,Voltage,3~ 460V,,,,,3355184,600102.216,,,continue,manual,31252.86,75490,FALSE,TRUE,,,,,,,CO3-MVI CO3 MVI-SB1-75-5 - Wilo CO3-MVI Series 3~ 460V,"CO3-MVI CO3 MVI-SB1-75-5 <p><strong>Model: </strong> CO3 MVI-SB1-75-5<br><strong>Voltage: </strong> 3~ 460V<br><strong>Power: </strong> 10 HP<br><strong>Weight: </strong> 1323 lbs</p><p><em>NOTE: We will contact you during order fulfilment to discuss shipping and handling costs for products weighing more than 150 pounds. These costs will be billed separately.</em></p><p><a href=""https://wilo.com/en/overview.html"" target=""_blank"">View Manufacturer Website</a></p> 31252.86 USD
Buy CO3 MVI-SB1-75-5 online. Durable, efficient booster pump system from Wilo.",,,,,,,,,,,,,,,lb,,27176.4,,,draft
co3-mvi-sb1-75-5,CO3 MVI-SB1-75-5,"<p><strong>Model: </strong> CO3 MVI-SB1-75-5<br><strong>Voltage: </strong> 3~ 575V<br><strong>Power: </strong> 10 HP<br><strong>Weight: </strong> 1323 lbs</p><p><em>NOTE: We will contact you during order fulfilment to discuss shipping and handling costs for products weighing more than 150 pounds. These costs will be billed separately.</em></p><p><a href=""https://wilo.com/en/overview.html"" target=""_blank"">View Manufacturer Website</a></p>",Wilo,Booster Pump Systems,"Wilo, CO3-MVI-3~ 575V",FALSE,Voltage,3~ 575V,,,,,3355474,600102.216,,,continue,manual,34082.55,82325,FALSE,TRUE,,,,,,,CO3-MVI CO3 MVI-SB1-75-5 - Wilo CO3-MVI Series 3~ 575V,"CO3-MVI CO3 MVI-SB1-75-5 <p><strong>Model: </strong> CO3 MVI-SB1-75-5<br><strong>Voltage: </strong> 3~ 575V<br><strong>Power: </strong> 10 HP<br><strong>Weight: </strong> 1323 lbs</p><p><em>NOTE: We will contact you during order fulfilment to discuss shipping and handling costs for products weighing more than 150 pounds. These costs will be billed separately.</em></p><p><a href=""https://wilo.com/en/overview.html"" target=""_blank"">View Manufacturer Website</a></p> 34082.55 USD
Buy CO3 MVI-SB1-75-5 online. Durable, efficient booster pump system from Wilo.",,,,,,,,,,,,,,,lb,,29637,,,draft
co3-mvi-sb1-75-6,CO3 MVI-SB1-75-6,"<p><strong>Model: </strong> CO3 MVI-SB1-75-6<br><strong>Voltage: </strong> 3~ 208-230V<br><strong>Power: </strong> 10 HP<br><strong>Weight: </strong> 1333 lbs</p><p><em>NOTE: We will contact you during order fulfilment to discuss shipping and handling costs for products weighing more than 150 pounds. These costs will be billed separately.</em></p><p><a href=""https://wilo.com/en/overview.html"" target=""_blank"">View Manufacturer Website</a></p>",Wilo,Booster Pump Systems,"Wilo, CO3-MVI-3~ 208-230V",FALSE,Voltage,3~ 208-230V,,,,,3354895,604638.136,,,continue,manual,34871.22,84230,FALSE,TRUE,,,https://cdn.shopify.com/s/files/1/0589/7106/2440/files/CO3_MVI.png?v=1753088373,1,CO3 MVI-SB1-75-6,,CO3-MVI CO3 MVI-SB1-75-6 - Wilo CO3-MVI Series 3~ 208-230V,"CO3-MVI CO3 MVI-SB1-75-6 <p><strong>Model: </strong> CO3 MVI-SB1-75-6<br><strong>Voltage: </strong> 3~ 208-230V<br><strong>Power: </strong> 10 HP<br><strong>Weight: </strong> 1333 lbs</p><p><em>NOTE: We will contact you during order fulfilment to discuss shipping and handling costs for products weighing more than 150 pounds. These costs will be billed separately.</em></p><p><a href=""https://wilo.com/en/overview.html"" target=""_blank"">View Manufacturer Website</a></p> 34871.22 USD
Buy CO3 MVI-SB1-75-6 online. Durable, efficient booster pump system from Wilo.",,,,,,,,,,,,,,https://cdn.shopify.com/s/files/1/0589/7106/2440/files/CO3_MVI.png?v=1753088373,lb,,30322.8,,,draft
co3-mvi-sb1-75-6,CO3 MVI-SB1-75-6,"<p><strong>Model: </strong> CO3 MVI-SB1-75-6<br><strong>Voltage: </strong> 3~ 460V<br><strong>Power: </strong> 10 HP<br><strong>Weight: </strong> 1333 lbs</p><p><em>NOTE: We will contact you during order fulfilment to discuss shipping and handling costs for products weighing more than 150 pounds. These costs will be billed separately.</em></p><p><a href=""https://wilo.com/en/overview.html"" target=""_blank"">View Manufacturer Website</a></p>",Wilo,Booster Pump Systems,"Wilo, CO3-MVI-3~ 460V",FALSE,Voltage,3~ 460V,,,,,3355185,604638.136,,,continue,manual,31550.94,76210,FALSE,TRUE,,,,,,,CO3-MVI CO3 MVI-SB1-75-6 - Wilo CO3-MVI Series 3~ 460V,"CO3-MVI CO3 MVI-SB1-75-6 <p><strong>Model: </strong> CO3 MVI-SB1-75-6<br><strong>Voltage: </strong> 3~ 460V<br><strong>Power: </strong> 10 HP<br><strong>Weight: </strong> 1333 lbs</p><p><em>NOTE: We will contact you during order fulfilment to discuss shipping and handling costs for products weighing more than 150 pounds. These costs will be billed separately.</em></p><p><a href=""https://wilo.com/en/overview.html"" target=""_blank"">View Manufacturer Website</a></p> 31550.94 USD
Buy CO3 MVI-SB1-75-6 online. Durable, efficient booster pump system from Wilo.",,,,,,,,,,,,,,,lb,,27435.6,,,draft
co3-mvi-sb1-75-6,CO3 MVI-SB1-75-6,"<p><strong>Model: </strong> CO3 MVI-SB1-75-6<br><strong>Voltage: </strong> 3~ 575V<br><strong>Power: </strong> 10 HP<br><strong>Weight: </strong> 1333 lbs</p><p><em>NOTE: We will contact you during order fulfilment to discuss shipping and handling costs for products weighing more than 150 pounds. These costs will be billed separately.</em></p><p><a href=""https://wilo.com/en/overview.html"" target=""_blank"">View Manufacturer Website</a></p>",Wilo,Booster Pump Systems,"Wilo, CO3-MVI-3~ 575V",FALSE,Voltage,3~ 575V,,,,,3355475,604638.136,,,continue,manual,34208.82,82630,FALSE,TRUE,,,,,,,CO3-MVI CO3 MVI-SB1-75-6 - Wilo CO3-MVI Series 3~ 575V,"CO3-MVI CO3 MVI-SB1-75-6 <p><strong>Model: </strong> CO3 MVI-SB1-75-6<br><strong>Voltage: </strong> 3~ 575V<br><strong>Power: </strong> 10 HP<br><strong>Weight: </strong> 1333 lbs</p><p><em>NOTE: We will contact you during order fulfilment to discuss shipping and handling costs for products weighing more than 150 pounds. These costs will be billed separately.</em></p><p><a href=""https://wilo.com/en/overview.html"" target=""_blank"">View Manufacturer Website</a></p> 34208.82 USD
Buy CO3 MVI-SB1-75-6 online. Durable, efficient booster pump system from Wilo.",,,,,,,,,,,,,,,lb,,29746.8,,,draft
co3-mvi-sb1-75-7,CO3 MVI-SB1-75-7,"<p><strong>Model: </strong> CO3 MVI-SB1-75-7<br><strong>Voltage: </strong> 3~ 208-230V<br><strong>Power: </strong> 15 HP<br><strong>Weight: </strong> 2057 lbs</p><p><em>NOTE: We will contact you during order fulfilment to discuss shipping and handling costs for products weighing more than 150 pounds. These costs will be billed separately.</em></p><p><a href=""https://wilo.com/en/overview.html"" target=""_blank"">View Manufacturer Website</a></p>",Wilo,Booster Pump Systems,"Wilo, CO3-MVI-3~ 208-230V",FALSE,Voltage,3~ 208-230V,,,,,3354896,933038.744,,,continue,manual,39725.37,95955,FALSE,TRUE,,,https://cdn.shopify.com/s/files/1/0589/7106/2440/files/CO3_MVI.png?v=1753088373,1,CO3 MVI-SB1-75-7,,CO3-MVI CO3 MVI-SB1-75-7 - Wilo CO3-MVI Series 3~ 208-230V,"CO3-MVI CO3 MVI-SB1-75-7 <p><strong>Model: </strong> CO3 MVI-SB1-75-7<br><strong>Voltage: </strong> 3~ 208-230V<br><strong>Power: </strong> 15 HP<br><strong>Weight: </strong> 2057 lbs</p><p><em>NOTE: We will contact you during order fulfilment to discuss shipping and handling costs for products weighing more than 150 pounds. These costs will be billed separately.</em></p><p><a href=""https://wilo.com/en/overview.html"" target=""_blank"">View Manufacturer Website</a></p> 39725.37 USD
Buy CO3 MVI-SB1-75-7 online. Durable, efficient booster pump system from Wilo.",,,,,,,,,,,,,,https://cdn.shopify.com/s/files/1/0589/7106/2440/files/CO3_MVI.png?v=1753088373,lb,,34543.8,,,draft
co3-mvi-sb1-75-7,CO3 MVI-SB1-75-7,"<p><strong>Model: </strong> CO3 MVI-SB1-75-7<br><strong>Voltage: </strong> 3~ 460V<br><strong>Power: </strong> 15 HP<br><strong>Weight: </strong> 2057 lbs</p><p><em>NOTE: We will contact you during order fulfilment to discuss shipping and handling costs for products weighing more than 150 pounds. These costs will be billed separately.</em></p><p><a href=""https://wilo.com/en/overview.html"" target=""_blank"">View Manufacturer Website</a></p>",Wilo,Booster Pump Systems,"Wilo, CO3-MVI-3~ 460V",FALSE,Voltage,3~ 460V,,,,,3355186,933038.744,,,continue,manual,36949.5,89250,FALSE,TRUE,,,,,,,CO3-MVI CO3 MVI-SB1-75-7 - Wilo CO3-MVI Series 3~ 460V,"CO3-MVI CO3 MVI-SB1-75-7 <p><strong>Model: </strong> CO3 MVI-SB1-75-7<br><strong>Voltage: </strong> 3~ 460V<br><strong>Power: </strong> 15 HP<br><strong>Weight: </strong> 2057 lbs</p><p><em>NOTE: We will contact you during order fulfilment to discuss shipping and handling costs for products weighing more than 150 pounds. These costs will be billed separately.</em></p><p><a href=""https://wilo.com/en/overview.html"" target=""_blank"">View Manufacturer Website</a></p> 36949.5 USD
Buy CO3 MVI-SB1-75-7 online. Durable, efficient booster pump system from Wilo.",,,,,,,,,,,,,,,lb,,32130,,,draft
co3-mvi-sb1-75-7,CO3 MVI-SB1-75-7,"<p><strong>Model: </strong> CO3 MVI-SB1-75-7<br><strong>Voltage: </strong> 3~ 575V<br><strong>Power: </strong> 15 HP<br><strong>Weight: </strong> 2057 lbs</p><p><em>NOTE: We will contact you during order fulfilment to discuss shipping and handling costs for products weighing more than 150 pounds. These costs will be billed separately.</em></p><p><a href=""https://wilo.com/en/overview.html"" target=""_blank"">View Manufacturer Website</a></p>",Wilo,Booster Pump Systems,"Wilo, CO3-MVI-3~ 575V",FALSE,Voltage,3~ 575V,,,,,3355476,933038.744,,,continue,manual,38940.84,94060,FALSE,TRUE,,,,,,,CO3-MVI CO3 MVI-SB1-75-7 - Wilo CO3-MVI Series 3~ 575V,"CO3-MVI CO3 MVI-SB1-75-7 <p><strong>Model: </strong> CO3 MVI-SB1-75-7<br><strong>Voltage: </strong> 3~ 575V<br><strong>Power: </strong> 15 HP<br><strong>Weight: </strong> 2057 lbs</p><p><em>NOTE: We will contact you during order fulfilment to discuss shipping and handling costs for products weighing more than 150 pounds. These costs will be billed separately.</em></p><p><a href=""https://wilo.com/en/overview.html"" target=""_blank"">View Manufacturer Website</a></p> 38940.84 USD
Buy CO3 MVI-SB1-75-7 online. Durable, efficient booster pump system from Wilo.",,,,,,,,,,,,,,,lb,,33861.6,,,draft
co3-mvi-sb1-75-8,CO3 MVI-SB1-75-8,"<p><strong>Model: </strong> CO3 MVI-SB1-75-8<br><strong>Voltage: </strong> 3~ 208-230V<br><strong>Power: </strong> 15 HP<br><strong>Weight: </strong> 2066 lbs</p><p><em>NOTE: We will contact you during order fulfilment to discuss shipping and handling costs for products weighing more than 150 pounds. These costs will be billed separately.</em></p><p><a href=""https://wilo.com/en/overview.html"" target=""_blank"">View Manufacturer Website</a></p>",Wilo,Booster Pump Systems,"Wilo, CO3-MVI-3~ 208-230V",FALSE,Voltage,3~ 208-230V,,,,,3354897,937121.072,,,continue,manual,39843.36,96240,FALSE,TRUE,,,https://cdn.shopify.com/s/files/1/0589/7106/2440/files/CO3_MVI.png?v=1753088373,1,CO3 MVI-SB1-75-8,,CO3-MVI CO3 MVI-SB1-75-8 - Wilo CO3-MVI Series 3~ 208-230V,"CO3-MVI CO3 MVI-SB1-75-8 <p><strong>Model: </strong> CO3 MVI-SB1-75-8<br><strong>Voltage: </strong> 3~ 208-230V<br><strong>Power: </strong> 15 HP<br><strong>Weight: </strong> 2066 lbs</p><p><em>NOTE: We will contact you during order fulfilment to discuss shipping and handling costs for products weighing more than 150 pounds. These costs will be billed separately.</em></p><p><a href=""https://wilo.com/en/overview.html"" target=""_blank"">View Manufacturer Website</a></p> 39843.36 USD
Buy CO3 MVI-SB1-75-8 online. Durable, efficient booster pump system from Wilo.",,,,,,,,,,,,,,https://cdn.shopify.com/s/files/1/0589/7106/2440/files/CO3_MVI.png?v=1753088373,lb,,34646.4,,,draft
co3-mvi-sb1-75-8,CO3 MVI-SB1-75-8,"<p><strong>Model: </strong> CO3 MVI-SB1-75-8<br><strong>Voltage: </strong> 3~ 460V<br><strong>Power: </strong> 15 HP<br><strong>Weight: </strong> 2066 lbs</p><p><em>NOTE: We will contact you during order fulfilment to discuss shipping and handling costs for products weighing more than 150 pounds. These costs will be billed separately.</em></p><p><a href=""https://wilo.com/en/overview.html"" target=""_blank"">View Manufacturer Website</a></p>",Wilo,Booster Pump Systems,"Wilo, CO3-MVI-3~ 460V",FALSE,Voltage,3~ 460V,,,,,3355187,937121.072,,,continue,manual,37071.63,89545,FALSE,TRUE,,,,,,,CO3-MVI CO3 MVI-SB1-75-8 - Wilo CO3-MVI Series 3~ 460V,"CO3-MVI CO3 MVI-SB1-75-8 <p><strong>Model: </strong> CO3 MVI-SB1-75-8<br><strong>Voltage: </strong> 3~ 460V<br><strong>Power: </strong> 15 HP<br><strong>Weight: </strong> 2066 lbs</p><p><em>NOTE: We will contact you during order fulfilment to discuss shipping and handling costs for products weighing more than 150 pounds. These costs will be billed separately.</em></p><p><a href=""https://wilo.com/en/overview.html"" target=""_blank"">View Manufacturer Website</a></p> 37071.63 USD
Buy CO3 MVI-SB1-75-8 online. Durable, efficient booster pump system from Wilo.",,,,,,,,,,,,,,,lb,,32236.2,,,draft
co3-mvi-sb1-75-8,CO3 MVI-SB1-75-8,"<p><strong>Model: </strong> CO3 MVI-SB1-75-8<br><strong>Voltage: </strong> 3~ 575V<br><strong>Power: </strong> 15 HP<br><strong>Weight: </strong> 2066 lbs</p><p><em>NOTE: We will contact you during order fulfilment to discuss shipping and handling costs for products weighing more than 150 pounds. These costs will be billed separately.</em></p><p><a href=""https://wilo.com/en/overview.html"" target=""_blank"">View Manufacturer Website</a></p>",Wilo,Booster Pump Systems,"Wilo, CO3-MVI-3~ 575V",FALSE,Voltage,3~ 575V,,,,,3355477,937121.072,,,continue,manual,39060.9,94350,FALSE,TRUE,,,,,,,CO3-MVI CO3 MVI-SB1-75-8 - Wilo CO3-MVI Series 3~ 575V,"CO3-MVI CO3 MVI-SB1-75-8 <p><strong>Model: </strong> CO3 MVI-SB1-75-8<br><strong>Voltage: </strong> 3~ 575V<br><strong>Power: </strong> 15 HP<br><strong>Weight: </strong> 2066 lbs</p><p><em>NOTE: We will contact you during order fulfilment to discuss shipping and handling costs for products weighing more than 150 pounds. These costs will be billed separately.</em></p><p><a href=""https://wilo.com/en/overview.html"" target=""_blank"">View Manufacturer Website</a></p> 39060.9 USD
Buy CO3 MVI-SB1-75-8 online. Durable, efficient booster pump system from Wilo.",,,,,,,,,,,,,,,lb,,33966,,,draft
co3-mvi-sb1-75-9,CO3 MVI-SB1-75-9,"<p><strong>Model: </strong> CO3 MVI-SB1-75-9<br><strong>Voltage: </strong> 3~ 208-230V<br><strong>Power: </strong> 15 HP<br><strong>Weight: </strong> 2217 lbs</p><p><em>NOTE: We will contact you during order fulfilment to discuss shipping and handling costs for products weighing more than 150 pounds. These costs will be billed separately.</em></p><p><a href=""https://wilo.com/en/overview.html"" target=""_blank"">View Manufacturer Website</a></p>",Wilo,Booster Pump Systems,"Wilo, CO3-MVI-3~ 208-230V",FALSE,Voltage,3~ 208-230V,,,,,3354898,1005613.464,,,continue,manual,41580.09,100435,FALSE,TRUE,,,https://cdn.shopify.com/s/files/1/0589/7106/2440/files/CO3_MVI.png?v=1753088373,1,CO3 MVI-SB1-75-9,,CO3-MVI CO3 MVI-SB1-75-9 - Wilo CO3-MVI Series 3~ 208-230V,"CO3-MVI CO3 MVI-SB1-75-9 <p><strong>Model: </strong> CO3 MVI-SB1-75-9<br><strong>Voltage: </strong> 3~ 208-230V<br><strong>Power: </strong> 15 HP<br><strong>Weight: </strong> 2217 lbs</p><p><em>NOTE: We will contact you during order fulfilment to discuss shipping and handling costs for products weighing more than 150 pounds. These costs will be billed separately.</em></p><p><a href=""https://wilo.com/en/overview.html"" target=""_blank"">View Manufacturer Website</a></p> 41580.09 USD
Buy CO3 MVI-SB1-75-9 online. Durable, efficient booster pump system from Wilo.",,,,,,,,,,,,,,https://cdn.shopify.com/s/files/1/0589/7106/2440/files/CO3_MVI.png?v=1753088373,lb,,36156.6,,,draft
co3-mvi-sb1-75-9,CO3 MVI-SB1-75-9,"<p><strong>Model: </strong> CO3 MVI-SB1-75-9<br><strong>Voltage: </strong> 3~ 460V<br><strong>Power: </strong> 15 HP<br><strong>Weight: </strong> 2217 lbs</p><p><em>NOTE: We will contact you during order fulfilment to discuss shipping and handling costs for products weighing more than 150 pounds. These costs will be billed separately.</em></p><p><a href=""https://wilo.com/en/overview.html"" target=""_blank"">View Manufacturer Website</a></p>",Wilo,Booster Pump Systems,"Wilo, CO3-MVI-3~ 460V",FALSE,Voltage,3~ 460V,,,,,3355188,1005613.464,,,continue,manual,38808.36,93740,FALSE,TRUE,,,,,,,CO3-MVI CO3 MVI-SB1-75-9 - Wilo CO3-MVI Series 3~ 460V,"CO3-MVI CO3 MVI-SB1-75-9 <p><strong>Model: </strong> CO3 MVI-SB1-75-9<br><strong>Voltage: </strong> 3~ 460V<br><strong>Power: </strong> 15 HP<br><strong>Weight: </strong> 2217 lbs</p><p><em>NOTE: We will contact you during order fulfilment to discuss shipping and handling costs for products weighing more than 150 pounds. These costs will be billed separately.</em></p><p><a href=""https://wilo.com/en/overview.html"" target=""_blank"">View Manufacturer Website</a></p> 38808.36 USD
Buy CO3 MVI-SB1-75-9 online. Durable, efficient booster pump system from Wilo.",,,,,,,,,,,,,,,lb,,33746.4,,,draft
co3-mvi-sb1-75-9,CO3 MVI-SB1-75-9,"<p><strong>Model: </strong> CO3 MVI-SB1-75-9<br><strong>Voltage: </strong> 3~ 575V<br><strong>Power: </strong> 15 HP<br><strong>Weight: </strong> 2217 lbs</p><p><em>NOTE: We will contact you during order fulfilment to discuss shipping and handling costs for products weighing more than 150 pounds. These costs will be billed separately.</em></p><p><a href=""https://wilo.com/en/overview.html"" target=""_blank"">View Manufacturer Website</a></p>",Wilo,Booster Pump Systems,"Wilo, CO3-MVI-3~ 575V",FALSE,Voltage,3~ 575V,,,,,3355478,1005613.464,,,continue,manual,41646.33,100595,FALSE,TRUE,,,,,,,CO3-MVI CO3 MVI-SB1-75-9 - Wilo CO3-MVI Series 3~ 575V,"CO3-MVI CO3 MVI-SB1-75-9 <p><strong>Model: </strong> CO3 MVI-SB1-75-9<br><strong>Voltage: </strong> 3~ 575V<br><strong>Power: </strong> 15 HP<br><strong>Weight: </strong> 2217 lbs</p><p><em>NOTE: We will contact you during order fulfilment to discuss shipping and handling costs for products weighing more than 150 pounds. These costs will be billed separately.</em></p><p><a href=""https://wilo.com/en/overview.html"" target=""_blank"">View Manufacturer Website</a></p> 41646.33 USD
Buy CO3 MVI-SB1-75-9 online. Durable, efficient booster pump system from Wilo.",,,,,,,,,,,,,,,lb,,36214.2,,,draft
co3-mvi-sb1-750-1,CO3 MVI-SB1-750-1,"<p><strong>Model: </strong> CO3 MVI-SB1-750-1<br><strong>Voltage: </strong> 3~ 208-230V<br><strong>Power: </strong> 30 HP<br><strong>Weight: </strong> 3473 lbs</p><p><em>NOTE: We will contact you during order fulfilment to discuss shipping and handling costs for products weighing more than 150 pounds. These costs will be billed separately.</em></p><p><a href=""https://wilo.com/en/overview.html"" target=""_blank"">View Manufacturer Website</a></p>",Wilo,Booster Pump Systems,"Wilo, CO3-MVI-3~ 208-230V",FALSE,Voltage,3~ 208-230V,,,,,3354967,1575325.016,,,continue,manual,88571.16,213940,FALSE,TRUE,,,https://cdn.shopify.com/s/files/1/0589/7106/2440/files/CO3_MVI.png?v=1753088373,1,CO3 MVI-SB1-750-1,,CO3-MVI CO3 MVI-SB1-750-1 - Wilo CO3-MVI Series 3~ 208-230V,"CO3-MVI CO3 MVI-SB1-750-1 <p><strong>Model: </strong> CO3 MVI-SB1-750-1<br><strong>Voltage: </strong> 3~ 208-230V<br><strong>Power: </strong> 30 HP<br><strong>Weight: </strong> 3473 lbs</p><p><em>NOTE: We will contact you during order fulfilment to discuss shipping and handling costs for products weighing more than 150 pounds. These costs will be billed separately.</em></p><p><a href=""https://wilo.com/en/overview.html"" target=""_blank"">View Manufacturer Website</a></p> 88571.16 USD
Buy CO3 MVI-SB1-750-1 online. Durable, efficient booster pump system from Wilo.",,,,,,,,,,,,,,https://cdn.shopify.com/s/files/1/0589/7106/2440/files/CO3_MVI.png?v=1753088373,lb,,77018.4,,,draft
co3-mvi-sb1-750-1,CO3 MVI-SB1-750-1,"<p><strong>Model: </strong> CO3 MVI-SB1-750-1<br><strong>Voltage: </strong> 3~ 460V<br><strong>Power: </strong> 30 HP<br><strong>Weight: </strong> 3473 lbs</p><p><em>NOTE: We will contact you during order fulfilment to discuss shipping and handling costs for products weighing more than 150 pounds. These costs will be billed separately.</em></p><p><a href=""https://wilo.com/en/overview.html"" target=""_blank"">View Manufacturer Website</a></p>",Wilo,Booster Pump Systems,"Wilo, CO3-MVI-3~ 460V",FALSE,Voltage,3~ 460V,,,,,3355257,1575325.016,,,continue,manual,80953.56,195540,FALSE,TRUE,,,,,,,CO3-MVI CO3 MVI-SB1-750-1 - Wilo CO3-MVI Series 3~ 460V,"CO3-MVI CO3 MVI-SB1-750-1 <p><strong>Model: </strong> CO3 MVI-SB1-750-1<br><strong>Voltage: </strong> 3~ 460V<br><strong>Power: </strong> 30 HP<br><strong>Weight: </strong> 3473 lbs</p><p><em>NOTE: We will contact you during order fulfilment to discuss shipping and handling costs for products weighing more than 150 pounds. These costs will be billed separately.</em></p><p><a href=""https://wilo.com/en/overview.html"" target=""_blank"">View Manufacturer Website</a></p> 80953.56 USD
Buy CO3 MVI-SB1-750-1 online. Durable, efficient booster pump system from Wilo.",,,,,,,,,,,,,,,lb,,70394.4,,,draft
co3-mvi-sb1-750-1,CO3 MVI-SB1-750-1,"<p><strong>Model: </strong> CO3 MVI-SB1-750-1<br><strong>Voltage: </strong> 3~ 575V<br><strong>Power: </strong> 30 HP<br><strong>Weight: </strong> 3473 lbs</p><p><em>NOTE: We will contact you during order fulfilment to discuss shipping and handling costs for products weighing more than 150 pounds. These costs will be billed separately.</em></p><p><a href=""https://wilo.com/en/overview.html"" target=""_blank"">View Manufacturer Website</a></p>",Wilo,Booster Pump Systems,"Wilo, CO3-MVI-3~ 575V",FALSE,Voltage,3~ 575V,,,,,3355547,1575325.016,,,continue,manual,88302.06,213290,FALSE,TRUE,,,,,,,CO3-MVI CO3 MVI-SB1-750-1 - Wilo CO3-MVI Series 3~ 575V,"CO3-MVI CO3 MVI-SB1-750-1 <p><strong>Model: </strong> CO3 MVI-SB1-750-1<br><strong>Voltage: </strong> 3~ 575V<br><strong>Power: </strong> 30 HP<br><strong>Weight: </strong> 3473 lbs</p><p><em>NOTE: We will contact you during order fulfilment to discuss shipping and handling costs for products weighing more than 150 pounds. These costs will be billed separately.</em></p><p><a href=""https://wilo.com/en/overview.html"" target=""_blank"">View Manufacturer Website</a></p> 88302.06 USD
Buy CO3 MVI-SB1-750-1 online. Durable, efficient booster pump system from Wilo.",,,,,,,,,,,,,,,lb,,76784.4,,,draft
co3-mvi-sb1-750-1-1,CO3 MVI-SB1-750-1/1,"<p><strong>Model: </strong> CO3 MVI-SB1-750-1/1<br><strong>Voltage: </strong> 3~ 208-230V<br><strong>Power: </strong> 25 HP<br><strong>Weight: </strong> 3415 lbs</p><p><em>NOTE: We will contact you during order fulfilment to discuss shipping and handling costs for products weighing more than 150 pounds. These costs will be billed separately.</em></p><p><a href=""https://wilo.com/en/overview.html"" target=""_blank"">View Manufacturer Website</a></p>",Wilo,Booster Pump Systems,"Wilo, CO3-MVI-3~ 208-230V",FALSE,Voltage,3~ 208-230V,,,,,3354966,1549016.68,,,continue,manual,82019.61,198115,FALSE,TRUE,,,https://cdn.shopify.com/s/files/1/0589/7106/2440/files/CO3_MVI.png?v=1753088373,1,CO3 MVI-SB1-750-1/1,,CO3-MVI CO3 MVI-SB1-750-1/1 - Wilo CO3-MVI Series 3~ 208-230V,"CO3-MVI CO3 MVI-SB1-750-1/1 <p><strong>Model: </strong> CO3 MVI-SB1-750-1/1<br><strong>Voltage: </strong> 3~ 208-230V<br><strong>Power: </strong> 25 HP<br><strong>Weight: </strong> 3415 lbs</p><p><em>NOTE: We will contact you during order fulfilment to discuss shipping and handling costs for products weighing more than 150 pounds. These costs will be billed separately.</em></p><p><a href=""https://wilo.com/en/overview.html"" target=""_blank"">View Manufacturer Website</a></p> 82019.61 USD
Buy CO3 MVI-SB1-750-1/1 online. Durable, efficient booster pump system from Wilo.",,,,,,,,,,,,,,https://cdn.shopify.com/s/files/1/0589/7106/2440/files/CO3_MVI.png?v=1753088373,lb,,71321.4,,,draft
co3-mvi-sb1-750-1-1,CO3 MVI-SB1-750-1/1,"<p><strong>Model: </strong> CO3 MVI-SB1-750-1/1<br><strong>Voltage: </strong> 3~ 460V<br><strong>Power: </strong> 25 HP<br><strong>Weight: </strong> 3415 lbs</p><p><em>NOTE: We will contact you during order fulfilment to discuss shipping and handling costs for products weighing more than 150 pounds. These costs will be billed separately.</em></p><p><a href=""https://wilo.com/en/overview.html"" target=""_blank"">View Manufacturer Website</a></p>",Wilo,Booster Pump Systems,"Wilo, CO3-MVI-3~ 460V",FALSE,Voltage,3~ 460V,,,,,3355256,1549016.68,,,continue,manual,74687.67,180405,FALSE,TRUE,,,,,,,CO3-MVI CO3 MVI-SB1-750-1/1 - Wilo CO3-MVI Series 3~ 460V,"CO3-MVI CO3 MVI-SB1-750-1/1 <p><strong>Model: </strong> CO3 MVI-SB1-750-1/1<br><strong>Voltage: </strong> 3~ 460V<br><strong>Power: </strong> 25 HP<br><strong>Weight: </strong> 3415 lbs</p><p><em>NOTE: We will contact you during order fulfilment to discuss shipping and handling costs for products weighing more than 150 pounds. These costs will be billed separately.</em></p><p><a href=""https://wilo.com/en/overview.html"" target=""_blank"">View Manufacturer Website</a></p> 74687.67 USD
Buy CO3 MVI-SB1-750-1/1 online. Durable, efficient booster pump system from Wilo.",,,,,,,,,,,,,,,lb,,64945.8,,,draft
co3-mvi-sb1-750-1-1,CO3 MVI-SB1-750-1/1,"<p><strong>Model: </strong> CO3 MVI-SB1-750-1/1<br><strong>Voltage: </strong> 3~ 575V<br><strong>Power: </strong> 25 HP<br><strong>Weight: </strong> 3415 lbs</p><p><em>NOTE: We will contact you during order fulfilment to discuss shipping and handling costs for products weighing more than 150 pounds. These costs will be billed separately.</em></p><p><a href=""https://wilo.com/en/overview.html"" target=""_blank"">View Manufacturer Website</a></p>",Wilo,Booster Pump Systems,"Wilo, CO3-MVI-3~ 575V",FALSE,Voltage,3~ 575V,,,,,3355546,1549016.68,,,continue,manual,82472.94,199210,FALSE,TRUE,,,,,,,CO3-MVI CO3 MVI-SB1-750-1/1 - Wilo CO3-MVI Series 3~ 575V,"CO3-MVI CO3 MVI-SB1-750-1/1 <p><strong>Model: </strong> CO3 MVI-SB1-750-1/1<br><strong>Voltage: </strong> 3~ 575V<br><strong>Power: </strong> 25 HP<br><strong>Weight: </strong> 3415 lbs</p><p><em>NOTE: We will contact you during order fulfilment to discuss shipping and handling costs for products weighing more than 150 pounds. These costs will be billed separately.</em></p><p><a href=""https://wilo.com/en/overview.html"" target=""_blank"">View Manufacturer Website</a></p> 82472.94 USD
Buy CO3 MVI-SB1-750-1/1 online. Durable, efficient booster pump system from Wilo.",,,,,,,,,,,,,,,lb,,71715.6,,,draft
co3-mvi-sb1-750-2,CO3 MVI-SB1-750-2,"<p><strong>Model: </strong> CO3 MVI-SB1-750-2<br><strong>Voltage: </strong> 3~ 460V<br><strong>Power: </strong> 60 HP<br><strong>Weight: </strong> 5161 lbs</p><p><em>NOTE: We will contact you during order fulfilment to discuss shipping and handling costs for products weighing more than 150 pounds. These costs will be billed separately.</em></p><p><a href=""https://wilo.com/en/overview.html"" target=""_blank"">View Manufacturer Website</a></p>",Wilo,Booster Pump Systems,"Wilo, CO3-MVI-3~ 460V",FALSE,Voltage,3~ 460V,,,,,3355260,2340988.312,,,continue,manual,115940.7,280050,FALSE,TRUE,,,https://cdn.shopify.com/s/files/1/0589/7106/2440/files/CO3_MVI.png?v=1753088373,1,CO3 MVI-SB1-750-2,,CO3-MVI CO3 MVI-SB1-750-2 - Wilo CO3-MVI Series 3~ 460V,"CO3-MVI CO3 MVI-SB1-750-2 <p><strong>Model: </strong> CO3 MVI-SB1-750-2<br><strong>Voltage: </strong> 3~ 460V<br><strong>Power: </strong> 60 HP<br><strong>Weight: </strong> 5161 lbs</p><p><em>NOTE: We will contact you during order fulfilment to discuss shipping and handling costs for products weighing more than 150 pounds. These costs will be billed separately.</em></p><p><a href=""https://wilo.com/en/overview.html"" target=""_blank"">View Manufacturer Website</a></p> 115940.7 USD
Buy CO3 MVI-SB1-750-2 online. Durable, efficient booster pump system from Wilo.",,,,,,,,,,,,,,https://cdn.shopify.com/s/files/1/0589/7106/2440/files/CO3_MVI.png?v=1753088373,lb,,100818,,,draft
co3-mvi-sb1-750-2,CO3 MVI-SB1-750-2,"<p><strong>Model: </strong> CO3 MVI-SB1-750-2<br><strong>Voltage: </strong> 3~ 575V<br><strong>Power: </strong> 60 HP<br><strong>Weight: </strong> 5161 lbs</p><p><em>NOTE: We will contact you during order fulfilment to discuss shipping and handling costs for products weighing more than 150 pounds. These costs will be billed separately.</em></p><p><a href=""https://wilo.com/en/overview.html"" target=""_blank"">View Manufacturer Website</a></p>",Wilo,Booster Pump Systems,"Wilo, CO3-MVI-3~ 575V",FALSE,Voltage,3~ 575V,,,,,3355550,2340988.312,,,continue,manual,147632.4,356600,FALSE,TRUE,,,,,,,CO3-MVI CO3 MVI-SB1-750-2 - Wilo CO3-MVI Series 3~ 575V,"CO3-MVI CO3 MVI-SB1-750-2 <p><strong>Model: </strong> CO3 MVI-SB1-750-2<br><strong>Voltage: </strong> 3~ 575V<br><strong>Power: </strong> 60 HP<br><strong>Weight: </strong> 5161 lbs</p><p><em>NOTE: We will contact you during order fulfilment to discuss shipping and handling costs for products weighing more than 150 pounds. These costs will be billed separately.</em></p><p><a href=""https://wilo.com/en/overview.html"" target=""_blank"">View Manufacturer Website</a></p> 147632.4 USD
Buy CO3 MVI-SB1-750-2 online. Durable, efficient booster pump system from Wilo.",,,,,,,,,,,,,,,lb,,128376,,,draft
co3-mvi-sb1-750-2-1,CO3 MVI-SB1-750-2/1,"<p><strong>Model: </strong> CO3 MVI-SB1-750-2/1<br><strong>Voltage: </strong> 3~ 460V<br><strong>Power: </strong> 50 HP<br><strong>Weight: </strong> 4225 lbs</p><p><em>NOTE: We will contact you during order fulfilment to discuss shipping and handling costs for products weighing more than 150 pounds. These costs will be billed separately.</em></p><p><a href=""https://wilo.com/en/overview.html"" target=""_blank"">View Manufacturer Website</a></p>",Wilo,Booster Pump Systems,"Wilo, CO3-MVI-3~ 460V",FALSE,Voltage,3~ 460V,,,,,3355259,1916426.2,,,continue,manual,100291.5,242250,FALSE,TRUE,,,https://cdn.shopify.com/s/files/1/0589/7106/2440/files/CO3_MVI.png?v=1753088373,1,CO3 MVI-SB1-750-2/1,,CO3-MVI CO3 MVI-SB1-750-2/1 - Wilo CO3-MVI Series 3~ 460V,"CO3-MVI CO3 MVI-SB1-750-2/1 <p><strong>Model: </strong> CO3 MVI-SB1-750-2/1<br><strong>Voltage: </strong> 3~ 460V<br><strong>Power: </strong> 50 HP<br><strong>Weight: </strong> 4225 lbs</p><p><em>NOTE: We will contact you during order fulfilment to discuss shipping and handling costs for products weighing more than 150 pounds. These costs will be billed separately.</em></p><p><a href=""https://wilo.com/en/overview.html"" target=""_blank"">View Manufacturer Website</a></p> 100291.5 USD
Buy CO3 MVI-SB1-750-2/1 online. Durable, efficient booster pump system from Wilo.",,,,,,,,,,,,,,https://cdn.shopify.com/s/files/1/0589/7106/2440/files/CO3_MVI.png?v=1753088373,lb,,87210,,,draft
co3-mvi-sb1-750-2-1,CO3 MVI-SB1-750-2/1,"<p><strong>Model: </strong> CO3 MVI-SB1-750-2/1<br><strong>Voltage: </strong> 3~ 575V<br><strong>Power: </strong> 50 HP<br><strong>Weight: </strong> 4225 lbs</p><p><em>NOTE: We will contact you during order fulfilment to discuss shipping and handling costs for products weighing more than 150 pounds. These costs will be billed separately.</em></p><p><a href=""https://wilo.com/en/overview.html"" target=""_blank"">View Manufacturer Website</a></p>",Wilo,Booster Pump Systems,"Wilo, CO3-MVI-3~ 575V",FALSE,Voltage,3~ 575V,,,,,3355549,1916426.2,,,continue,manual,113241.42,273530,FALSE,TRUE,,,,,,,CO3-MVI CO3 MVI-SB1-750-2/1 - Wilo CO3-MVI Series 3~ 575V,"CO3-MVI CO3 MVI-SB1-750-2/1 <p><strong>Model: </strong> CO3 MVI-SB1-750-2/1<br><strong>Voltage: </strong> 3~ 575V<br><strong>Power: </strong> 50 HP<br><strong>Weight: </strong> 4225 lbs</p><p><em>NOTE: We will contact you during order fulfilment to discuss shipping and handling costs for products weighing more than 150 pounds. These costs will be billed separately.</em></p><p><a href=""https://wilo.com/en/overview.html"" target=""_blank"">View Manufacturer Website</a></p> 113241.42 USD
Buy CO3 MVI-SB1-750-2/1 online. Durable, efficient booster pump system from Wilo.",,,,,,,,,,,,,,,lb,,98470.8,,,draft
co3-mvi-sb1-750-2-2,CO3 MVI-SB1-750-2/2,"<p><strong>Model: </strong> CO3 MVI-SB1-750-2/2<br><strong>Voltage: </strong> 3~ 208-230V<br><strong>Power: </strong> 40 HP<br><strong>Weight: </strong> 4042 lbs</p><p><em>NOTE: We will contact you during order fulfilment to discuss shipping and handling costs for products weighing more than 150 pounds. These costs will be billed separately.</em></p><p><a href=""https://wilo.com/en/overview.html"" target=""_blank"">View Manufacturer Website</a></p>",Wilo,Booster Pump Systems,"Wilo, CO3-MVI-3~ 208-230V",FALSE,Voltage,3~ 208-230V,,,,,3354968,1833418.864,,,continue,manual,104414.94,252210,FALSE,TRUE,,,https://cdn.shopify.com/s/files/1/0589/7106/2440/files/CO3_MVI.png?v=1753088373,1,CO3 MVI-SB1-750-2/2,,CO3-MVI CO3 MVI-SB1-750-2/2 - Wilo CO3-MVI Series 3~ 208-230V,"CO3-MVI CO3 MVI-SB1-750-2/2 <p><strong>Model: </strong> CO3 MVI-SB1-750-2/2<br><strong>Voltage: </strong> 3~ 208-230V<br><strong>Power: </strong> 40 HP<br><strong>Weight: </strong> 4042 lbs</p><p><em>NOTE: We will contact you during order fulfilment to discuss shipping and handling costs for products weighing more than 150 pounds. These costs will be billed separately.</em></p><p><a href=""https://wilo.com/en/overview.html"" target=""_blank"">View Manufacturer Website</a></p> 104414.94 USD
Buy CO3 MVI-SB1-750-2/2 online. Durable, efficient booster pump system from Wilo.",,,,,,,,,,,,,,https://cdn.shopify.com/s/files/1/0589/7106/2440/files/CO3_MVI.png?v=1753088373,lb,,90795.6,,,draft
co3-mvi-sb1-750-2-2,CO3 MVI-SB1-750-2/2,"<p><strong>Model: </strong> CO3 MVI-SB1-750-2/2<br><strong>Voltage: </strong> 3~ 460V<br><strong>Power: </strong> 40 HP<br><strong>Weight: </strong> 4042 lbs</p><p><em>NOTE: We will contact you during order fulfilment to discuss shipping and handling costs for products weighing more than 150 pounds. These costs will be billed separately.</em></p><p><a href=""https://wilo.com/en/overview.html"" target=""_blank"">View Manufacturer Website</a></p>",Wilo,Booster Pump Systems,"Wilo, CO3-MVI-3~ 460V",FALSE,Voltage,3~ 460V,,,,,3355258,1833418.864,,,continue,manual,95360.76,230340,FALSE,TRUE,,,,,,,CO3-MVI CO3 MVI-SB1-750-2/2 - Wilo CO3-MVI Series 3~ 460V,"CO3-MVI CO3 MVI-SB1-750-2/2 <p><strong>Model: </strong> CO3 MVI-SB1-750-2/2<br><strong>Voltage: </strong> 3~ 460V<br><strong>Power: </strong> 40 HP<br><strong>Weight: </strong> 4042 lbs</p><p><em>NOTE: We will contact you during order fulfilment to discuss shipping and handling costs for products weighing more than 150 pounds. These costs will be billed separately.</em></p><p><a href=""https://wilo.com/en/overview.html"" target=""_blank"">View Manufacturer Website</a></p> 95360.76 USD
Buy CO3 MVI-SB1-750-2/2 online. Durable, efficient booster pump system from Wilo.",,,,,,,,,,,,,,,lb,,82922.4,,,draft
co3-mvi-sb1-750-2-2,CO3 MVI-SB1-750-2/2,"<p><strong>Model: </strong> CO3 MVI-SB1-750-2/2<br><strong>Voltage: </strong> 3~ 575V<br><strong>Power: </strong> 40 HP<br><strong>Weight: </strong> 4042 lbs</p><p><em>NOTE: We will contact you during order fulfilment to discuss shipping and handling costs for products weighing more than 150 pounds. These costs will be billed separately.</em></p><p><a href=""https://wilo.com/en/overview.html"" target=""_blank"">View Manufacturer Website</a></p>",Wilo,Booster Pump Systems,"Wilo, CO3-MVI-3~ 575V",FALSE,Voltage,3~ 575V,,,,,3355548,1833418.864,,,continue,manual,104238.99,251785,FALSE,TRUE,,,,,,,CO3-MVI CO3 MVI-SB1-750-2/2 - Wilo CO3-MVI Series 3~ 575V,"CO3-MVI CO3 MVI-SB1-750-2/2 <p><strong>Model: </strong> CO3 MVI-SB1-750-2/2<br><strong>Voltage: </strong> 3~ 575V<br><strong>Power: </strong> 40 HP<br><strong>Weight: </strong> 4042 lbs</p><p><em>NOTE: We will contact you during order fulfilment to discuss shipping and handling costs for products weighing more than 150 pounds. These costs will be billed separately.</em></p><p><a href=""https://wilo.com/en/overview.html"" target=""_blank"">View Manufacturer Website</a></p> 104238.99 USD
Buy CO3 MVI-SB1-750-2/2 online. Durable, efficient booster pump system from Wilo.",,,,,,,,,,,,,,,lb,,90642.6,,,draft
